{
  "dataMenu": [
    {
      "id": "1",
      "name": "آب پرتقال",
      "price": 88000,
      "catagory": "آبمیوه ها",
      "cost": 80000
    },
    {
      "id": "2",
      "name": "آب انار",
      "price": 70000,
      "catagory": "آبمیوه ها",
      "cost": 68000
    },
    {
      "id": "3",
      "name": "آب هویج",
      "price": 55000,
      "catagory": "آبمیوه ها",
      "cost": 50000
    },
    {
      "id": "4",
      "name": "کیک یزدی",
      "price": 58000,
      "catagory": "کیک ها",
      "cost": 50000
    },
    {
      "id": "5",
      "name": "کیک خامه ای",
      "price": 87000,
      "catagory": "کیک ها",
      "cost": 68000
    },
    {
      "id": "6",
      "name": "کیک براونی",
      "price": 52000,
      "catagory": "کیک ها",
      "cost": 38000
    },
    {
      "id": "8",
      "name": "اسپرسو تک",
      "price": 45000,
      "catagory": "قهوه ها",
      "cost": 40000
    },
    {
      "id": "9",
      "name": "اسپرسو دبل",
      "price": 50000,
      "catagory": "قهوه ها",
      "cost": 41000
    },
    {
      "id": "10",
      "name": "آمیریکانو",
      "price": 50000,
      "catagory": "قهوه ها",
      "cost": 41000
    },
    {
      "id": "11",
      "name": "آیس آمیریکانو",
      "price": 58000,
      "catagory": "ایس ها",
      "cost": 43000
    },
    {
      "id": "12",
      "name": "ایس لاته",
      "price": 50000,
      "catagory": "ایس ها",
      "cost": 85000
    },
    {
      "id": "13",
      "name": "توتفرنگی پرتقال",
      "price": 72000,
      "catagory": "کوکتل ها",
      "cost": 59000
    },
    {
      "id": "14",
      "name": "انار",
      "price": 70000,
      "catagory": "کوکتل ها",
      "cost": 75000
    },
    {
      "id": "15",
      "name": "شیک لوتوس",
      "price": 80000,
      "catagory": "شیک ها",
      "cost": 45000
    },
    {
      "id": "16",
      "name": "شیک شکلات",
      "price": 68000,
      "catagory": "شیک ها",
      "cost": 49000
    },
    {
      "id": "17",
      "name": "شیک توت فرنگی",
      "price": 80000,
      "catagory": "شیک ها",
      "cost": 45000
    },
    {
      "id": "18",
      "name": "پک چای تکی",
      "price": 15000,
      "catagory": "نوشیدنی‌های گرم",
      "cost": 3000
    },
    {
      "id": "19",
      "name": "پک چای",
      "price": 60000,
      "catagory": "نوشیدنی‌های گرم",
      "cost": 48000
    },
    {
      "id": "20",
      "name": "چای ماسالا",
      "price": 40000,
      "catagory": "نوشیدنی‌های گرم",
      "cost": 30000
    },
    {
      "id": "21",
      "name": "هات چاکلت",
      "price": 80000,
      "catagory": "نوشیدنی‌های گرم",
      "cost": 50000
    },
    {
      "id": "22",
      "name": "چای",
      "price": 8000,
      "catagory": "نوشیدنی‌های گرم",
      "cost": 4000
    },
    {
      "id": "aed5",
      "name": "آب اناناس",
      "catagory": "آبمیوه ها",
      "cost": 110000,
      "price": 140000
    },
    {
      "id": "d746",
      "name": "افوگاتو",
      "catagory": "قهوه ها",
      "cost": 85000,
      "price": 90000
    },
    {
      "id": "4626",
      "name": "دوپیو",
      "catagory": "قهوه ها",
      "cost": 18000,
      "price": 35000
    },
    {
      "id": "59e2"
    },
    {
      "id": "f038",
      "name": "لانگو (عصاره بیشتر)",
      "catagory": "قهوه ها",
      "cost": 58000,
      "price": 68000
    },
    {
      "id": "6288",
      "catagory": "اسپاگتی ها",
      "name": "اسپاگتی پاکتی",
      "cost": 50000,
      "price": 80000
    },
    {
      "id": "6719",
      "catagory": "میلک شیک ها",
      "name": "میلک شیک لوتوس",
      "cost": 70000,
      "price": 85000
    },
    {
      "id": "cc93",
      "name": "میلک شیک شاه توت",
      "catagory": "میلک شیک ها",
      "cost": 45000,
      "price": 80000
    },
    {
      "id": "bd83",
      "name": "ایس کورتادو",
      "catagory": "ایس ها",
      "cost": 140000,
      "price": 150000
    },
    {
      "id": "ec45",
      "name": "کیک خیس",
      "catagory": "کیک ها",
      "cost": 80000,
      "price": 100000
    },
    {
      "id": "4acd",
      "name": "رسترتو (عصاره کمتر)",
      "catagory": "قهوه ها",
      "cost": 40000,
      "price": 52000
    },
    {
      "id": "b8ae",
      "catagory": "اسپاگتی ها",
      "name": "اسپاگتی گوشت گاو",
      "cost": 120000,
      "price": 150000
    },
    {
      "id": "7fa2",
      "name": "میلک شیک طالبی بستنی",
      "catagory": "میلک شیک ها",
      "cost": 240000,
      "price": 275000
    },
    {
      "id": "2fb6",
      "name": "نان تست(بسته 20 عددی)",
      "cost": 180000,
      "price": 230000,
      "catagory": "نان"
    },
    {
      "id": "9b5f",
      "catagory": "چیزکیک ها",
      "name": "چیزکیک لوتوس",
      "cost": 20000,
      "price": 35000
    },
    {
      "id": "08e6",
      "name": "چیزکیک رولی",
      "catagory": "چیزکیک ها",
      "cost": 45000,
      "price": 55000
    }
  ],
  "catagory": [
    {
      "id": "1",
      "name": "قهوه ها"
    },
    {
      "id": "2",
      "name": "کیک ها"
    },
    {
      "id": "3",
      "name": "ایس ها"
    },
    {
      "id": "4",
      "name": "کوکتل ها"
    },
    {
      "id": "5",
      "name": "نوشیدنی‌های گرم"
    },
    {
      "id": "b44b",
      "name": "میلک شیک ها"
    },
    {
      "id": "b433",
      "name": "نان"
    },
    {
      "id": "e2f0",
      "name": "اسپاگتی ها"
    },
    {
      "id": "cbdd",
      "name": "چیزکیک ها"
    }
  ],
  "dataOrderSalonChair": [],
  "dataOrderOut": [
    {
      "id": "2299",
      "itemCalculator": [
        {
          "id": "4626",
          "totalPriceItem": 30000,
          "price": "30000",
          "count": 1,
          "name": "دوپیو",
          "cost": "15000"
        },
        {
          "id": "d746",
          "totalPriceItem": 240000,
          "price": "120000",
          "count": 2,
          "name": "افوگاتو",
          "cost": "110000"
        }
      ],
      "totalPrice": 270000,
      "chaierName": "میز1",
      "date": "۱۴۰۴/۰۴/۰۷"
    },
    {
      "id": "02b6",
      "itemCalculator": [
        {
          "id": "1",
          "totalPriceItem": 176000,
          "price": 88000,
          "count": 2,
          "name": "آب پرتقال",
          "cost": 80000
        }
      ],
      "totalPrice": 176000,
      "chaierName": "میز8",
      "date": "۱۴۰۴/۰۴/۰۹"
    },
    {
      "id": "f6e6",
      "itemCalculator": [
        {
          "id": "1",
          "totalPriceItem": 176000,
          "price": 88000,
          "count": 2,
          "name": "آب پرتقال",
          "cost": 80000
        },
        {
          "id": "aed5",
          "totalPriceItem": 140000,
          "price": "140000",
          "count": 1,
          "name": "آب اناناس",
          "cost": "120000"
        }
      ],
      "totalPrice": 316000,
      "chaierName": "میز8",
      "date": "۱۴۰۴/۰۴/۰۹"
    },
    {
      "id": "5ee1",
      "itemCalculator": [
        {
          "id": "1",
          "totalPriceItem": 176000,
          "price": 88000,
          "count": 2,
          "name": "آب پرتقال",
          "cost": 80000
        },
        {
          "id": "aed5",
          "totalPriceItem": 140000,
          "price": "140000",
          "count": 1,
          "name": "آب اناناس",
          "cost": "120000"
        }
      ],
      "totalPrice": 316000,
      "chaierName": "میز8",
      "date": "۱۴۰۴/۰۴/۰۹"
    },
    {
      "id": "0810",
      "itemCalculator": [
        {
          "id": "11",
          "totalPriceItem": 58000,
          "price": 58000,
          "count": 1,
          "name": "آیس آمیریکانو",
          "cost": 43000
        },
        {
          "id": "13",
          "totalPriceItem": 72000,
          "price": 72000,
          "count": 1,
          "name": "توتفرنگی پرتقال",
          "cost": 59000
        }
      ],
      "totalPrice": 130000,
      "chaierName": "میز8",
      "date": "۱۴۰۴/۰۴/۰۹"
    },
    {
      "id": "6",
      "totalPriceItem": 84000,
      "price": 42000,
      "count": 2,
      "name": "کیک براونی",
      "cost": 39000
    },
    {
      "id": "13",
      "totalPriceItem": 144000,
      "price": 72000,
      "count": 2,
      "name": "توتفرنگی پرتقال",
      "cost": 59000
    },
    {
      "id": "ab0d",
      "itemCalculator": [
        {
          "id": "13",
          "totalPriceItem": 144000,
          "price": 72000,
          "count": 2,
          "name": "توتفرنگی پرتقال",
          "cost": 59000
        }
      ],
      "totalPrice": 144000,
      "chaierName": "میز2",
      "date": "۱۴۰۴/۰۴/۰۹"
    },
    {
      "id": "40a2",
      "itemCalculator": [
        {
          "id": "11",
          "totalPriceItem": 58000,
          "price": 58000,
          "count": 1,
          "name": "آیس آمیریکانو",
          "cost": 43000
        }
      ],
      "totalPrice": 58000,
      "chaierName": "میز3",
      "date": "۱۴۰۴/۰۴/۰۹"
    },
    {
      "id": "4bca",
      "itemCalculator": [
        {
          "id": "4",
          "totalPriceItem": 58000,
          "price": 58000,
          "count": 1,
          "name": "کیک یزدی",
          "cost": 50000
        }
      ],
      "totalPrice": 58000,
      "chaierName": "میز5",
      "date": "۱۴۰۴/۰۴/۰۹"
    },
    {
      "id": "3b37",
      "itemCalculator": [
        {
          "id": "11",
          "totalPriceItem": 58000,
          "price": 58000,
          "count": 1,
          "name": "آیس آمیریکانو",
          "cost": 43000
        },
        {
          "id": "19",
          "totalPriceItem": 60000,
          "price": 60000,
          "count": 1,
          "name": "پک چای",
          "cost": 48000
        }
      ],
      "totalPrice": 118000,
      "date": "۱۴۰۴/۰۴/۰۹"
    },
    {
      "id": "d32f",
      "itemCalculator": [
        {
          "id": "4",
          "totalPriceItem": 116000,
          "price": 58000,
          "count": 2,
          "name": "کیک یزدی",
          "cost": 50000
        }
      ],
      "totalPrice": 116000,
      "date": "۱۴۰۴/۰۴/۱۰"
    },
    {
      "id": "29af",
      "itemCalculator": [
        {
          "id": "1",
          "totalPriceItem": 176000,
          "price": 88000,
          "count": 2,
          "name": "آب پرتقال",
          "cost": 80000
        },
        {
          "id": "4",
          "totalPriceItem": 58000,
          "price": 58000,
          "count": 1,
          "name": "کیک یزدی",
          "cost": 50000
        }
      ],
      "totalPrice": 234000,
      "date": "۱۴۰۴/۰۴/۱۰"
    },
    {
      "id": "f850",
      "itemCalculator": [
        {
          "id": "aed5",
          "totalPriceItem": 280000,
          "price": 140000,
          "count": 2,
          "name": "آب اناناس",
          "cost": 110000
        },
        {
          "id": "1",
          "totalPriceItem": 88000,
          "price": 88000,
          "count": 1,
          "name": "آب پرتقال",
          "cost": 80000
        },
        {
          "id": "13",
          "totalPriceItem": 72000,
          "price": 72000,
          "count": 1,
          "name": "توتفرنگی پرتقال",
          "cost": 59000
        }
      ],
      "totalPrice": 440000,
      "chaierName": "میز2",
      "date": "۱۴۰۴/۰۴/۱۰"
    },
    {
      "id": "f83e",
      "itemCalculator": [
        {
          "id": "19",
          "totalPriceItem": 60000,
          "price": 60000,
          "count": 1,
          "name": "پک چای",
          "cost": 48000
        },
        {
          "id": "21",
          "totalPriceItem": 80000,
          "price": 80000,
          "count": 1,
          "name": "هات چاکلت",
          "cost": 50000
        }
      ],
      "totalPrice": 140000,
      "date": "۱۴۰۴/۰۴/۱۰"
    },
    {
      "id": "df3e",
      "itemCalculator": [
        {
          "id": "17",
          "totalPriceItem": 80000,
          "price": 80000,
          "count": 1,
          "name": "شیک توت فرنگی",
          "cost": 45000
        },
        {
          "id": "15",
          "totalPriceItem": 80000,
          "price": 80000,
          "count": 1,
          "name": "شیک لوتوس",
          "cost": 45000
        },
        {
          "id": "16",
          "totalPriceItem": 68000,
          "price": 68000,
          "count": 1,
          "name": "شیک شکلات",
          "cost": 49000
        }
      ],
      "totalPrice": 228000,
      "date": "۱۴۰۴/۰۴/۱۱"
    },
    {
      "id": "8807",
      "itemCalculator": [
        {
          "id": "11",
          "totalPriceItem": 58000,
          "price": 58000,
          "count": 1,
          "name": "آیس آمیریکانو",
          "cost": 43000
        },
        {
          "id": "12",
          "totalPriceItem": 50000,
          "price": 50000,
          "count": 1,
          "name": "ایس لاته",
          "cost": 41000
        }
      ],
      "totalPrice": 108000,
      "chaierName": "میز3",
      "date": "۱۴۰۴/۰۴/۱۱"
    },
    {
      "id": "93c2",
      "itemCalculator": [
        {
          "id": "16",
          "totalPriceItem": 68000,
          "price": 68000,
          "count": 1,
          "name": "شیک شکلات",
          "cost": 49000
        }
      ],
      "totalPrice": 68000,
      "date": "۱۴۰۴/۰۴/۱۱"
    },
    {
      "id": "948b",
      "itemCalculator": [
        {
          "id": "6719",
          "totalPriceItem": 85000,
          "price": 85000,
          "count": 1,
          "name": "میلک شیک لوتوس",
          "cost": 70000
        }
      ],
      "totalPrice": 85000,
      "date": "۱۴۰۴/۰۴/۱۲"
    },
    {
      "id": "b220",
      "itemCalculator": [
        {
          "id": "11",
          "totalPriceItem": 58000,
          "price": 58000,
          "count": 1,
          "name": "آیس آمیریکانو",
          "cost": 43000
        }
      ],
      "totalPrice": 58000,
      "chaierName": "میز3",
      "date": "۱۴۰۴/۰۴/۱۱"
    },
    {
      "id": "2432",
      "itemCalculator": [
        {
          "id": "6719",
          "totalPriceItem": 85000,
          "price": 85000,
          "count": 1,
          "name": "میلک شیک لوتوس",
          "cost": 70000
        }
      ],
      "totalPrice": 85000,
      "chaierName": "میز2",
      "date": "۱۴۰۴/۰۴/۱۲"
    },
    {
      "id": "7897",
      "itemCalculator": [
        {
          "id": "4acd",
          "totalPriceItem": 104000,
          "price": 52000,
          "count": 2,
          "name": "رسترتو (عصاره کمتر)",
          "cost": 40000
        },
        {
          "id": "f038",
          "totalPriceItem": 68000,
          "price": 68000,
          "count": 1,
          "name": "لانگو (عصاره بیشتر)",
          "cost": 58000
        }
      ],
      "totalPrice": 172000,
      "date": "۱۴۰۴/۰۴/۱۲"
    },
    {
      "id": "59a7",
      "itemCalculator": [
        {
          "id": "11",
          "totalPriceItem": 58000,
          "price": 58000,
          "count": 1,
          "name": "آیس آمیریکانو",
          "cost": 43000
        }
      ],
      "totalPrice": 58000,
      "chaierName": "میز1",
      "date": "۱۴۰۴/۰۴/۱۲"
    },
    {
      "id": "09a3",
      "itemCalculator": [
        {
          "id": "22",
          "totalPriceItem": 16000,
          "price": 8000,
          "count": 2,
          "name": "چای",
          "cost": 4000
        }
      ],
      "totalPrice": 16000,
      "date": "۱۴۰۴/۰۴/۱۳"
    },
    {
      "id": "8ea6",
      "itemCalculator": [
        {
          "id": "b8ae",
          "totalPriceItem": 150000,
          "price": 150000,
          "count": 1,
          "name": "اسپاگتی گوشت گاو",
          "cost": 120000
        },
        {
          "id": "6288",
          "totalPriceItem": 80000,
          "price": 80000,
          "count": 1,
          "name": "اسپاگتی پاکتی",
          "cost": 50000
        },
        {
          "id": "21",
          "totalPriceItem": 80000,
          "price": 80000,
          "count": 1,
          "name": "هات چاکلت",
          "cost": 50000
        }
      ],
      "totalPrice": 310000,
      "chaierName": "میز3",
      "date": "۱۴۰۴/۰۴/۱۳"
    },
    {
      "id": "6fbe",
      "itemCalculator": [
        {
          "id": "7fa2",
          "totalPriceItem": 275000,
          "price": 275000,
          "count": 1,
          "name": "میلک شیک طالبی بستنی",
          "cost": 240000
        },
        {
          "id": "cc93",
          "totalPriceItem": 80000,
          "price": 80000,
          "count": 1,
          "name": "میلک شیک شاه توت",
          "cost": 45000
        },
        {
          "id": "6719",
          "totalPriceItem": 85000,
          "price": 85000,
          "count": 1,
          "name": "میلک شیک لوتوس",
          "cost": 70000
        },
        {
          "id": "bd83",
          "totalPriceItem": 150000,
          "price": 150000,
          "count": 1,
          "name": "ایس کورتادو",
          "cost": 140000
        },
        {
          "id": "11",
          "totalPriceItem": 58000,
          "price": 58000,
          "count": 1,
          "name": "آیس آمیریکانو",
          "cost": 43000
        },
        {
          "id": "12",
          "totalPriceItem": 50000,
          "price": 50000,
          "count": 1,
          "name": "ایس لاته",
          "cost": 85000
        }
      ],
      "totalPrice": 698000,
      "date": "۱۴۰۴/۰۴/۱۳"
    }
  ]
}